Abbrev,Score,Term,Estimate,Lower,Upper,Raters,Error
LegallyBlonde,Rating,"ICC(C,1)",0.3185297620366162,0.29015223399136875,0.3524955833367028,1,Relative
LegallyBlonde,Rating,"ICC(C,k)",0.9725832034792682,0.9684108680106988,0.9760933272971404,75,Relative
