Abbrev,Score,Term,Estimate,Lower,Upper,Raters,Error
LittleMiss,Rating,"ICC(C,1)",0.1129289886442447,0.08998367391952342,0.1489766296140109,1,Relative
LittleMiss,Rating,"ICC(C,k)",0.9100481008673588,0.8811801728625376,0.9292245326675358,75,Relative
