Abbrev,Score,Term,Estimate,Lower,Upper,Raters,Error
Fences,Rating,"ICC(C,1)",0.23899770046049104,0.20084016834546192,0.29764241285036064,1,Relative
Fences,Rating,"ICC(C,k)",0.9625949566822414,0.952047148721616,0.9709962649124165,79,Relative
