Abbrev,Score,Term,Estimate,Lower,Upper,Raters,Error
ParentTrap,Rating,"ICC(C,1)",0.27860175374983576,0.25227376569551385,0.3096719693952671,1,Relative
ParentTrap,Rating,"ICC(C,k)",0.9679840006728494,0.9633917597472386,0.9722143204172988,78,Relative
