Abbrev,Score,Term,Estimate,Lower,Upper,Raters,Error
DaysSummer,Rating,"ICC(C,1)",0.18036025031736985,0.14654142294675673,0.2281110735117869,1,Relative
DaysSummer,Rating,"ICC(C,k)",0.9472758623162727,0.9321400953247921,0.9594186390938139,80,Relative
