Abbrev,Score,Term,Estimate,Lower,Upper,Raters,Error
GreenMile,Rating,"ICC(C,1)",0.20436013767331693,0.17693323691704343,0.24121286152468172,1,Relative
GreenMile,Rating,"ICC(C,k)",0.9513913754490976,0.9415977232465138,0.9597455102630058,75,Relative
