Abbrev,Score,Term,Estimate,Lower,Upper,Raters,Error
AkeelahBee,Rating,"ICC(C,1)",0.6982299151793541,0.6519576834345298,0.7440663045498972,1,Relative
AkeelahBee,Rating,"ICC(C,k)",0.9947144246358449,0.9934525116256849,0.9957714595880207,81,Relative
