Abbrev,Score,Term,Estimate,Lower,Upper,Raters,Error
PursuitHappyness,Rating,"ICC(C,1)",0.4954719504559084,0.4488759623255081,0.5442689685220802,1,Relative
PursuitHappyness,Rating,"ICC(C,k)",0.9874124518035032,0.9846962383924001,0.9895120878637849,79,Relative
