Abbrev,Score,Term,Estimate,Lower,Upper,Raters,Error
LadyBird,Rating,"ICC(C,1)",0.3353207362221525,0.29700522258911366,0.3848980292148542,1,Relative
LadyBird,Rating,"ICC(C,k)",0.9739413521573221,0.9685943991967837,0.978577324029945,73,Relative
