Abbrev,Score,Term,Estimate,Lower,Upper,Raters,Error
SilenceLambs,Rating,"ICC(C,1)",0.26757821622936107,0.23561083508121042,0.3055214444492209,1,Relative
SilenceLambs,Rating,"ICC(C,k)",0.966747641097313,0.9605530414257167,0.9720314240027558,79,Relative
