Abbrev,Score,Term,Estimate,Lower,Upper,Raters,Error
NoCountry,Rating,"ICC(C,1)",0.22424709802941548,0.1951015025400297,0.26038846838584345,1,Relative
NoCountry,Rating,"ICC(C,k)",0.9544640285185286,0.9458061340793631,0.9620470328297134,72,Relative
