Abbrev,Score,Term,Estimate,Lower,Upper,Raters,Error
Miracle,Rating,"ICC(C,1)",0.6861611208852504,0.6511405757457253,0.7172723791007009,1,Relative
Miracle,Rating,"ICC(C,k)",0.994183297497516,0.9931780550135788,0.9949719410330478,78,Relative
