Abbrev,Score,Term,Estimate,Lower,Upper,Raters,Error
Zodiac,Rating,"ICC(C,1)",0.6275343836344465,0.5897969498451532,0.6654492635937993,1,Relative
Zodiac,Rating,"ICC(C,k)",0.9921723510315297,0.9908118874134553,0.993341378865178,75,Relative
