Abbrev,Score,Term,Estimate,Lower,Upper,Raters,Error
MarriageStory,Rating,"ICC(C,1)",0.26438721305858254,0.2323450739061806,0.3071799177537688,1,Relative
MarriageStory,Rating,"ICC(C,k)",0.9649571060976043,0.9583382230012576,0.9711787232935151,76,Relative
